{"cameraMode":{"drawMode":0,"name":"Shaded","section":"Shading Mode"},"sceneLighting":false,"audioPlay":false,"sceneViewState":{"showFog":true,"showMaterialUpdate":false,"showSkybox":false,"showFlares":true,"showImageEffects":true,"showParticleSystems":true},"in2DMode":false,"pivot":{"x":86.3734359741211,"y":1.3028209209442139,"z":-341.79833984375},"rotation":{"x":-0.27179357409477236,"y":0.5486053824424744,"z":-0.1945587545633316,"w":-0.7663710713386536},"size":8.138121604919434,"orthographic":false}