{"cameraMode":{"drawMode":0,"name":"Shaded","section":"Shading Mode"},"sceneLighting":true,"audioPlay":false,"sceneViewState":{"showFog":true,"showMaterialUpdate":false,"showSkybox":true,"showFlares":true,"showImageEffects":true,"showParticleSystems":true},"in2DMode":false,"pivot":{"x":20.179096221923829,"y":-9841.189453125,"z":-63.31218719482422},"rotation":{"x":-0.27462998032569888,"y":0.5801405906677246,"z":-0.21658417582511903,"w":-0.7356112003326416},"size":9.268146514892579,"orthographic":false}