{"cameraMode":{"drawMode":0,"name":"Shaded","section":"Shading Mode"},"sceneLighting":false,"audioPlay":false,"sceneViewState":{"showFog":true,"showMaterialUpdate":false,"showSkybox":false,"showFlares":true,"showImageEffects":true,"showParticleSystems":true},"in2DMode":false,"pivot":{"x":0.0,"y":0.4846864342689514,"z":-0.0000013709068298339844},"rotation":{"x":-0.2879798412322998,"y":-0.29607322812080386,"z":0.09412585198879242,"w":-0.9058419466018677},"size":3.071453809738159,"orthographic":false}